Area,Year,1. Mean,2. Mean,3. Mean,4. Mean,5. Mean,6. Mean,7. Mean,8. Mean,9. Mean,10. Mean
TR Türkiye,2021,8602.84,14251.65,18284.72,22018.88,25932.44,30431.66,35982.48,43772.51,56972.08,117761.98
TR10 (İstanbul),2021,12475.84,19147.16,23913.17,28157.42,33307.14,38703.86,45637.36,55931.96,73207.49,187605.97
TR21 (Tekirdağ Edirne Kırklareli),2021,11973.32,18676.56,23410.3,27709.45,31935.99,36548.24,42099.07,49151.84,61665.61,122730.33
TR22 (Balıkesir Çanakkale),2021,9365.9,16097.43,19678.01,23071.24,26579.68,31044.66,35827.46,42526.45,53050.45,107514.09
TR31 (İzmir),2021,12117.9,19887.47,24931.23,29587.86,34330.81,40410.52,48089.72,56685.84,71408.21,139155.94
TR32 (Aydın Denizli Muğla),2021,13006.42,18395.33,21681.05,25753.97,29559.24,34574.53,40801.67,48251.46,62377.23,109620.96
TR33 (Manisa Afyon Kütahya Uşak),2021,11273.72,16049.14,19242.84,22509.55,25514.72,29195.31,33479.58,39549.1,51000.63,94347.98
TR41 (Bursa Eskişehir Bilecik),2021,15261.47,20644.81,24372.42,27994.55,31696.1,36203.46,41713.69,48728.94,58498.63,97344.8
TR42 (Kocaeli Sakarya Düzce Bolu Yalova),2021,11737.78,19180.61,22540.44,25606.04,29175.83,33160,37845.72,45119.85,55431.32,97169.78
TR51 (Ankara),2021,14778.48,21011.12,25412.57,29367.63,34232.26,39521.45,45592.53,54645.56,69514.2,131346.4
TR52 (Konya Karaman),2021,7947.96,14921.72,18008.11,21707.54,24269.15,27715.97,31865.82,38266.99,48749.97,99626.52
TR61 (Antalya Isparta Burdur),2021,10480.79,17058.19,21373.71,25296.75,29170.35,33912.5,39529.82,46191.48,60303.67,112353.83
TR62 (Adana Mersin),2021,7715.63,11619.2,14561.61,17797.55,21070.91,24518.54,29519.14,36623.45,48335.71,90861.87
TR63 (Hatay Kahramanmaraş Osmaniye),2021,7046.09,10984.76,13432.76,15830.14,18593.01,21329.1,24917.4,29772.73,37548.28,79574.3
TR71 (Kırıkkale Aksaray Niğde Nevşehir Kırşehir),2021,9094.35,14151.82,17086.11,20375.67,23715.01,27898.06,32671.45,38531.45,50672.28,87864.04
TR72 (Kayseri Sivas Yozgat),2021,7988.44,14205.7,17600.03,20031.55,22713.78,26319.94,31128.73,36112.51,47126.61,98087.84
TR81 (Zonguldak Karabük Bartın),2021,11595.75,19474.1,22789.85,25568.93,28841.6,31724.38,35292.93,41287.96,50836.9,84652.36
TR82 (Kastamonu Çankırı Sinop),2021,7102.92,15511.63,19461.91,23123.42,27278.95,31436.68,36560.51,42437.34,53026.56,84026.97
TR83 (Samsun Tokat Çorum Amasya),2021,8727.95,14304.36,18431.08,21656.43,24711.22,28329.37,32836.33,38997.22,50995.68,102127.32
TR90 (Trabzon Ordu Giresun Rize Artvin Gümüşhane),2021,11715.82,17827.57,21897.88,25242.43,28452.84,31623.94,35823.81,41887.55,52060.65,100536.82
TRA1 (Erzurum Erzincan Bayburt),2021,8630.43,12762.45,15483.09,18587.57,21549.62,24386.23,28392.3,34036.02,43099.88,80912.25
TRA2 (Ağrı Kars Iğdır Ardahan),2021,4817.75,8041.19,10202.79,12425.3,14432.24,16970.43,19987.13,24575.94,33190.54,66255.35
TRB1 (Malatya Elazığ Bingöl Tunceli),2021,11351.45,14190.21,16581.44,18571.69,20927.81,23610.65,28086.12,32481.93,40240.85,65709.52
TRB2 (Van Muş Bitlis Hakkari),2021,5794.44,8124.33,9720.55,11515.11,13474.54,15492.63,17992.27,21440.97,27614.05,52208.53
TRC1 (Gaziantep Adıyaman Kilis),2021,9016.71,13267.96,15382.35,17407.98,19977.53,22271.89,26483.99,31200.71,40492.23,80060.86
TRC2 (Şanlıurfa Diyarbakır),2021,5620.16,8185.29,9758.12,11183.45,12851.13,15233.47,18007.8,22300.9,28353.86,56040.52
TRC3 (Mardin Batman Şırnak Siirt),2021,5083.04,7402.02,9785.55,11652.59,13373.53,15017.93,17716.12,21190.77,26838.37,56839.86
TR Türkiye,2020,7439.57,12388.13,16000.38,19308.64,22895.83,26920.9,31900.64,38595.89,50198.73,108644.46
TR10 (İstanbul),2020,12105.79,17790.89,22002.73,26048.94,29992.67,35049.91,40966.34,50318.19,67585.87,190705.51
TR21 (Tekirdağ Edirne Kırklareli),2020,10043.53,16388.4,20186.67,23886.2,28033.3,31603.41,35361.07,41120.85,51582.06,94952.32
TR22 (Balıkesir Çanakkale),2020,6133.76,11565.53,15809.93,18590.04,21572.77,26022.3,30611.07,37560.89,48936.6,93515.5
TR31 (İzmir),2020,10871.29,17308.97,21241.68,25850.86,29756.56,34007.83,39851.74,48073.4,61959.55,113844.78
TR32 (Aydın Denizli Muğla),2020,9525.43,14894.31,18509.27,21914.99,24901.41,28941.63,35267.09,41890.48,52954.99,96403.53
TR33 (Manisa Afyon Kütahya Uşak),2020,8875.87,13388.42,16357.08,19336.45,22006.05,25409.56,29842.49,35441.89,46190.9,91846.65
TR41 (Bursa Eskişehir Bilecik),2020,11746.28,18099.74,21347.86,24713.97,27860.14,31813.83,36383.35,41783.82,51199.48,88538.19
TR42 (Kocaeli Sakarya Düzce Bolu Yalova),2020,10607.33,16731.94,19796.76,22590.14,25989.68,29577.27,33283.6,38873.24,47020.58,73439.41
TR51 (Ankara),2020,11761.84,17593.74,21220.72,24999.11,29375.41,33896.62,39310.6,47461.96,61622.93,128993.16
TR52 (Konya Karaman),2020,7497.48,12521.21,15827.41,18962.66,22165.71,25091.7,29051.98,35299.6,46338.63,87140.52
TR61 (Antalya Isparta Burdur),2020,7724.25,13912.22,18616.35,22148.47,25590.06,29879,34623.32,41023.35,54461.25,111671.21
TR62 (Adana Mersin),2020,7284.72,11952.83,14826.84,17669.87,20681.58,24297.45,28999.11,35805.01,47028.17,87695.6
TR63 (Hatay Kahramanmaraş Osmaniye),2020,6416.43,10876.39,12849.27,14940.88,17167.91,19153.48,22384.08,26780.51,34412.9,68409.42
TR71 (Kırıkkale Aksaray Niğde Nevşehir Kırşehir),2020,7821.08,12327.98,15046.89,18033.42,20702.75,24748.32,28691.23,35094.42,46904.96,75635.35
TR72 (Kayseri Sivas Yozgat),2020,7692.16,12464.29,15501.87,18426.76,20703.05,23762.75,27253.4,32087.35,40253.55,72647.5
TR81 (Zonguldak Karabük Bartın),2020,10585.75,16639.94,19913.47,22620.34,25538.97,28957.96,32620.57,38533.44,46581.84,68782.31
TR82 (Kastamonu Çankırı Sinop),2020,6374.69,12655.88,15744.53,19957.64,23474.23,27204.51,31376.86,36001.02,45484.87,75393.25
TR83 (Samsun Tokat Çorum Amasya),2020,7176.46,11422.06,14438.75,17701.67,20269.19,22940.55,26944.7,32511.98,42623.64,75700.2
TR90 (Trabzon Ordu Giresun Rize Artvin Gümüşhane),2020,8747.74,13905.99,17658.12,20931.34,23992.11,27024.49,30810.45,36076.57,45389.66,86786.46
TRA1 (Erzurum Erzincan Bayburt),2020,6448.55,10835.03,13494.9,15495.38,18104.04,21377.75,24910.02,29281.34,36244.86,60851.98
TRA2 (Ağrı Kars Iğdır Ardahan),2020,4587.05,7413.74,9049.5,11118.81,12990.34,15237.28,18014,21603.99,28762.33,54945.33
TRB1 (Malatya Elazığ Bingöl Tunceli),2020,8575.39,11695.43,14216.62,16589.03,18772.76,20960.47,24871.07,29776.89,36968.58,58675.03
TRB2 (Van Muş Bitlis Hakkari),2020,4192.83,6381.97,7947.94,9405.12,10905.12,12869.65,15169.37,18357.13,22862.91,44049.2
TRC1 (Gaziantep Adıyaman Kilis),2020,7300.7,10860.49,12810.65,14983.26,17021.74,19199.27,22324.87,26610.5,35226.96,65038.29
TRC2 (Şanlıurfa Diyarbakır),2020,5099.24,7697.03,8717.69,10160.95,11436.5,12980.19,15387.61,19331.33,26660.45,54779.08
TRC3 (Mardin Batman Şırnak Siirt),2020,4744.06,6991.61,8732.23,10007.1,11493.57,13435.11,15395.66,18387.39,24592.34,54063.55
TR Türkiye,2019,6816.8,10980.86,14087.43,17028.44,20015.06,23417.79,27565.29,33392.33,43058.32,88860.47
TR10 (İstanbul),2019,10484.39,15718.19,19270.45,22396.57,25986.34,30415.98,35936.54,43300.79,57588.12,146565.7
TR21 (Tekirdağ Edirne Kırklareli),2019,8411.87,14000.69,17554.54,21334.61,24446.02,27748.01,31830.23,37980.38,47880.02,92145.65
TR22 (Balıkesir Çanakkale),2019,6201.37,11546.55,14622.21,16590.66,19244.18,22401.49,26223.27,30498.04,38381.14,80394.29
TR31 (İzmir),2019,10501.45,15087.95,18202.86,21761.32,25663.9,29906.27,36107.24,42752.24,52579.77,98563.83
TR32 (Aydın Denizli Muğla),2019,8984.12,13259.74,16810.11,19757.08,22563.88,25678.84,29232.42,34323.49,42023.94,70733.9
TR33 (Manisa Afyon Kütahya Uşak),2019,8084.8,12209.48,15006.19,17490.93,19495.45,21527.65,24913.53,29838.68,37389.6,72349.13
TR41 (Bursa Eskişehir Bilecik),2019,10685.4,15871.57,18811.37,21133.13,24211.64,27501.54,31449.39,36518.86,44658.62,74997.16
TR42 (Kocaeli Sakarya Düzce Bolu Yalova),2019,9782.6,14112.45,16668.87,19736.26,22499.86,25418.97,28401.77,32470.1,39470.31,70226.22
TR51 (Ankara),2019,10913.77,15934.48,19143.68,22621.99,26098.54,29976.7,34978.32,42391.02,53963.79,99514.07
TR52 (Konya Karaman),2019,7399.79,11525.61,14115.72,16174.19,18630.59,21551.03,24911.22,28760.05,37764.4,72876.85
TR61 (Antalya Isparta Burdur),2019,7172.53,12539.39,15780.88,18654.45,21482.29,25128.02,29834.61,36037.8,44631.38,78080.26
TR62 (Adana Mersin),2019,7248.65,10486.6,13276.44,15705.92,18654.27,22235.79,26560.4,31799.56,40072.1,76804.13
TR63 (Hatay Kahramanmaraş Osmaniye),2019,5130.4,8510.41,10591.1,12555.54,14691.99,16741.72,19303.29,23235.12,30430.16,55844.47
TR71 (Kırıkkale Aksaray Niğde Nevşehir Kırşehir),2019,7622.55,11645.37,13596.69,16443.72,19192.78,21872.39,25464.25,29792.76,38973.16,66220.65
TR72 (Kayseri Sivas Yozgat),2019,8094.26,11323.78,13817.35,16568.24,18723.96,21111.17,24719.55,28822.54,35860.72,74287.63
TR81 (Zonguldak Karabük Bartın),2019,9661.48,14345.56,17462.44,20121.72,22585.48,25405.17,28934.14,32745.18,38861.51,61779.32
TR82 (Kastamonu Çankırı Sinop),2019,5362.33,10773.45,14386.5,17402.41,20254.2,23090.64,26478.64,30318.64,39109.4,64844.42
TR83 (Samsun Tokat Çorum Amasya),2019,7208.28,11144.89,13546.76,16042.59,18579.07,21257.17,24607.1,28961.84,36655.43,68925.72
TR90 (Trabzon Ordu Giresun Rize Artvin Gümüşhane),2019,7428.19,12238.93,15494.75,18004.41,20418.79,22868.91,25727.36,30846.77,40726.23,74947.52
TRA1 (Erzurum Erzincan Bayburt),2019,6576.59,9970.43,12219.34,14570.87,17313.56,19484.05,22378.67,25831.21,32131.67,54376.15
TRA2 (Ağrı Kars Iğdır Ardahan),2019,4896.52,7445.47,8910.31,10588.93,12115.96,14134.15,16794.16,20336.48,26535.97,46261.23
TRB1 (Malatya Elazığ Bingöl Tunceli),2019,8437.85,10544.7,12250.25,14439.39,16425.31,18993.55,22407.06,26296.6,31931.78,50548.27
TRB2 (Van Muş Bitlis Hakkari),2019,4589.32,6611.35,7889.6,9041.49,10469.06,12046.26,14337.66,16564.63,20598.18,41530.95
TRC1 (Gaziantep Adıyaman Kilis),2019,7018.99,9607.67,11220.3,12507.44,13965.31,16137.09,18796.04,22781.86,28668.18,55926.27
TRC2 (Şanlıurfa Diyarbakır),2019,3881.77,5831.39,7112.59,8180.64,9553,11165.58,13331.77,16239.03,21633.91,44800.27
TRC3 (Mardin Batman Şırnak Siirt),2019,3864.79,6160.42,7328.48,8328.83,9527.05,11321,13115.12,15444.79,19479.27,40117.81
TR Türkiye,2018,5732.39,9121.27,11594.97,13972.83,16472.71,19351.88,22893.59,27730.1,36269.19,78881.23
TR10 (İstanbul),2018,8342.62,12570.55,15424.8,18491.72,21892.09,25476.33,30261.49,37375.08,49709.07,129705.21
TR21 (Tekirdağ Edirne Kırklareli),2018,7587.17,11828.16,14783.78,17669.7,20869.12,23596.62,28052.51,34074.69,43639.85,98680.49
TR22 (Balıkesir Çanakkale),2018,5247.26,9401.91,11819.76,13678.36,15900.39,18436.6,21629.62,25509.36,32809.56,61691
TR31 (İzmir),2018,8686.69,12664.04,15488.61,18564.37,21647.23,24744.8,29286.19,35210.16,45803.93,84756.91
TR32 (Aydın Denizli Muğla),2018,7503.22,10712.67,13028.92,15270.86,17522.36,20108.71,23212.94,27188.7,34517.21,58636.7
TR33 (Manisa Afyon Kütahya Uşak),2018,7384.95,10421.31,12380.56,14421.65,16311.55,18500.62,21153.84,24903.09,30454.7,59926.35
TR41 (Bursa Eskişehir Bilecik),2018,8803.23,12191.97,14839.26,17212.88,20049.1,23362.91,26455.22,30040.94,37551.45,73384.74
TR42 (Kocaeli Sakarya Düzce Bolu Yalova),2018,8281.74,11701.24,14425.62,16891.06,19219,21659.73,24557.9,28432.97,34634.08,68191.65
TR51 (Ankara),2018,8455.5,12846.11,15656.24,18137.27,20756.2,23876.5,27832.8,33496.8,43663.65,93835.33
TR52 (Konya Karaman),2018,5744.78,9424.18,11713.99,13785.73,15694.76,17962.19,20794.44,25222.24,32678.9,63436.89
TR61 (Antalya Isparta Burdur),2018,7246.56,10546.35,13208.13,15503.47,18224,20915.29,24658.22,29231.9,37058.54,70077.95
TR62 (Adana Mersin),2018,6283.81,9107.18,11236.51,13310.02,15671.82,18203.08,21866.06,26836.39,35685.45,75080.7
TR63 (Hatay Kahramanmaraş Osmaniye),2018,5174.93,7731.67,9155.43,10999.98,12669.09,14452.56,16585.78,20716.63,26835.56,56675.94
TR71 (Kırıkkale Aksaray Niğde Nevşehir Kırşehir),2018,6145.38,9038.79,10915.61,12924.02,15374.35,17167.71,20017.48,23980,31341.14,49997.68
TR72 (Kayseri Sivas Yozgat),2018,5850.58,9327.15,11465.19,13637.39,15514.05,17843.22,19872,22703.53,28418.99,58576.52
TR81 (Zonguldak Karabük Bartın),2018,8226.77,11620.05,13958.37,15613.31,17366.15,19214.03,22273.78,26265.8,33110.12,57365.01
TR82 (Kastamonu Çankırı Sinop),2018,5782.24,9487.84,12069.59,14158.15,16349.51,18693.29,21583.73,26010.47,33482.88,56760.64
TR83 (Samsun Tokat Çorum Amasya),2018,5981.8,9294.48,11597.5,13619.47,15483.04,17734.04,20425.55,24465.69,30765.79,58895.08
TR90 (Trabzon Ordu Giresun Rize Artvin Gümüşhane),2018,6308.39,10319.23,12436.06,13777.01,15629.88,17808.73,20540.55,24590.68,31117.39,56986.78
TRA1 (Erzurum Erzincan Bayburt),2018,6083.7,9299.36,11046.05,12765.06,15087.27,16799.12,19444.47,22348.33,27128.44,47014.38
TRA2 (Ağrı Kars Iğdır Ardahan),2018,4052.24,6298.74,7521.36,8681.82,10127.85,11720.89,13811.17,16850.4,21902.18,40162.02
TRB1 (Malatya Elazığ Bingöl Tunceli),2018,6785.58,9370.18,11227.97,12494.62,14215.9,16353.97,18971.03,22456.83,28569.63,44867.85
TRB2 (Van Muş Bitlis Hakkari),2018,3278.91,4990.37,5999.57,7218.85,8448.26,9565.2,10828.6,13273.59,16418.45,29741.91
TRC1 (Gaziantep Adıyaman Kilis),2018,5930.21,7916.49,9258.06,10613.46,11990.19,13787.51,16121.5,19181.23,24148.67,45248.17
TRC2 (Şanlıurfa Diyarbakır),2018,3459.11,4803.38,5749.53,6794.17,7838.08,9234.23,10885.83,12697.58,17139.57,35093.84
TRC3 (Mardin Batman Şırnak Siirt),2018,3294.5,5123.23,6167.18,6999.62,7910.85,9134.32,10433.3,12795.87,17135.37,33314.79
TR Türkiye,2017,5244.6,8313.89,10521.71,12534.78,14706.24,17216.19,20310.43,24680.64,32176.91,70067.73
TR10 (İstanbul),2017,7978.27,11410.25,13746.95,16201.45,18930.08,22240.9,26379.54,32462.18,43927.45,115847.51
TR21 (Tekirdağ Edirne Kırklareli),2017,7440.67,11240.76,14045.13,16474.37,19216,21630.68,25409.66,29876.3,38145.77,79268.34
TR22 (Balıkesir Çanakkale),2017,5224.96,8478.95,10850.59,12914.09,14595.48,16829.76,19332.7,22494.59,28747.12,55811.54
TR31 (İzmir),2017,6670.39,10920.25,13065.64,15462.93,18097.28,21533.51,25091.89,30685.51,40683.95,79603.08
TR32 (Aydın Denizli Muğla),2017,6971.58,10174.8,12040.25,13842.04,15715.88,17629.32,20351.04,24329.84,30122.41,51567.87
TR33 (Manisa Afyon Kütahya Uşak),2017,7004.22,9457.84,11170.51,12791.27,14101.39,15923.21,18210.68,21406.87,27735.18,55719.01
TR41 (Bursa Eskişehir Bilecik),2017,7606.9,10996.5,13690.25,15703.6,17716.9,20539.96,23404.5,26924.78,32449.5,69737.68
TR42 (Kocaeli Sakarya Düzce Bolu Yalova),2017,8184.47,11509.29,13787.51,15534.03,17572.54,19623.07,22225.56,25930.63,32789.05,67415.4
TR51 (Ankara),2017,7738.8,11461.09,13841.31,16433.54,18720.99,21792.42,25851.31,31853.72,40521.97,78919.69
TR52 (Konya Karaman),2017,5525.51,8439.92,10448.34,11999.2,13980.12,16358.32,19186.09,22935.57,27970.3,49044.33
TR61 (Antalya Isparta Burdur),2017,6048.13,9434.57,11862.58,14010.51,16342.78,19092.74,22281.27,26203.89,32723.28,59243.92
TR62 (Adana Mersin),2017,5140.72,8178.27,10088.01,11975.93,13976.59,16510.01,19989.53,24684.04,32969.03,62208.62
TR63 (Hatay Kahramanmaraş Osmaniye),2017,4244.16,6532.8,8130.19,9669.48,11026.87,13035.53,15215.15,18397.74,24460.81,47379.81
TR71 (Kırıkkale Aksaray Niğde Nevşehir Kırşehir),2017,5751.65,8847.99,10424.31,12062.74,14182.33,16387.26,18401.53,21665.58,26147.62,46615.05
TR72 (Kayseri Sivas Yozgat),2017,6040.38,8578.65,10245.89,11597.59,13034.11,15210.04,17663.22,20608.18,25287.9,50984.79
TR81 (Zonguldak Karabük Bartın),2017,7794.19,11081.6,12991,15023,16799.86,18621.24,20754.75,24207.71,30960.02,52305.51
TR82 (Kastamonu Çankırı Sinop),2017,5511.78,9735.06,11826.89,13563.04,15310.07,16890.75,18924.94,22140.92,29394.15,48446.43
TR83 (Samsun Tokat Çorum Amasya),2017,5613.15,8497,10356.59,12322.81,13908.09,16132.98,18736.46,22203.45,27617.84,53864.05
TR90 (Trabzon Ordu Giresun Rize Artvin Gümüşhane),2017,6752.54,9329.05,11056.02,12468.68,14004.8,16189.2,18352.46,21591.32,27609.83,50724.89
TRA1 (Erzurum Erzincan Bayburt),2017,5661.92,8489,10066.59,11533.56,13256.12,15129.54,17329.41,19534,23791.61,37515.98
TRA2 (Ağrı Kars Iğdır Ardahan),2017,4061.62,6218,7411.19,8632.49,9948.68,11616.59,13530.77,16072.76,20223.36,37890.34
TRB1 (Malatya Elazığ Bingöl Tunceli),2017,5676.55,7786.8,9269.49,10754.48,12439.69,14256.56,16531.22,20604.07,25384.91,41045.32
TRB2 (Van Muş Bitlis Hakkari),2017,3089.09,4984.44,6003.67,7115.47,7855.46,8685.65,9909.68,11715.74,15127.13,35180.55
TRC1 (Gaziantep Adıyaman Kilis),2017,5171.58,7191.08,8289.98,9367.11,10560.27,11990.71,13461.25,15962.01,20798.2,36508.65
TRC2 (Şanlıurfa Diyarbakır),2017,2930.12,4396.13,5484.64,6209.94,6916.08,7770.41,9378.63,11588.82,15080.79,30686.6
TRC3 (Mardin Batman Şırnak Siirt),2017,3146.23,4789.88,5713.27,6499.91,7307.74,8300.81,9605.4,11479.89,14614.09,27495.86
TR Türkiye,2016,4516.94,7242.8,9251.41,11097.01,13128.69,15445.29,18245.56,22137.51,29008.48,61333.17
TR10 (İstanbul),2016,7202.53,10191.83,12270.66,14661.1,17019.1,19695.67,23175,28415.12,39179.9,88773.3
TR21 (Tekirdağ Edirne Kırklareli),2016,6132.87,9658.14,12042.75,14357.11,17599.99,19767.39,22885.41,27472.93,33910.66,63204.2
TR22 (Balıkesir Çanakkale),2016,5041.05,7823.48,9624.87,11484.12,12981.55,14395.81,16999.26,20172.66,25949.87,50910.69
TR31 (İzmir),2016,6045.23,9744.81,12220.06,14463.74,16876.73,19340.84,22255.84,26523,35665.76,73062.98
TR32 (Aydın Denizli Muğla),2016,6263.01,8980.35,10791.17,12705.21,14243.91,16370.6,18853.65,22328.86,28629.01,47669.93
TR33 (Manisa Afyon Kütahya Uşak),2016,6029.23,8237.74,9748.7,11287.2,12859.48,14432.56,16596.7,19495.19,24980.9,47019.36
TR41 (Bursa Eskişehir Bilecik),2016,6637.15,9862.31,11825.58,13810.71,15609.28,18027.25,20805.87,24207.95,29905.44,58700.91
TR42 (Kocaeli Sakarya Düzce Bolu Yalova),2016,6663.18,9771.05,12039.1,13670.4,15221.71,16918.74,19124.94,22324.36,27899.92,52101.41
TR51 (Ankara),2016,7468.07,10590.22,12981.27,15340.99,17897.13,20923.47,24506.25,29819.05,41621.01,83989.09
TR52 (Konya Karaman),2016,5273.98,8122.76,9701.73,10990.19,12739.52,14911.98,17267.02,21226.14,26728.45,49891.03
TR61 (Antalya Isparta Burdur),2016,4866.85,7760.49,10172.9,12247.34,14336.98,16593.41,19337.91,23188.28,30568.97,59102.46
TR62 (Adana Mersin),2016,4286.6,6353.37,8336.87,9998.7,11857.67,14386.61,17446.04,21425.55,28053.04,58016.51
TR63 (Hatay Kahramanmaraş Osmaniye),2016,4065.81,5901.12,7013.22,8247.23,9812.69,11346.15,13566.69,16193.33,21654.71,39441.27
TR71 (Kırıkkale Aksaray Niğde Nevşehir Kırşehir),2016,4579.52,7117.71,8947.58,10366.5,11795.67,13449.55,15795.36,18334.78,23439.23,40935.17
TR72 (Kayseri Sivas Yozgat),2016,4612.77,7222.39,8857.39,10630.01,12114.26,14083.97,16391.52,19139.73,24033.93,50438.49
TR81 (Zonguldak Karabük Bartın),2016,7167.31,9795.31,11300.91,12932.22,14432.72,16285.69,18813.51,22297.65,28631.14,49739.74
TR82 (Kastamonu Çankırı Sinop),2016,3959.95,7573.37,9877.14,11568.58,12853.42,14581.06,16681.71,18996.96,23031.97,45191.79
TR83 (Samsun Tokat Çorum Amasya),2016,4950.66,7258.36,9050.73,10626.13,11731.98,13563.12,15710.66,18681.6,23544.33,44942.3
TR90 (Trabzon Ordu Giresun Rize Artvin Gümüşhane),2016,5684.51,8465.79,9801.05,11169.51,12908.37,14782.12,16968.82,19758.66,25513.87,53273.71
TRA1 (Erzurum Erzincan Bayburt),2016,5216.05,7565.19,9549.17,11118.15,12543.99,14615.35,16260.49,19004.15,24307.65,40121.38
TRA2 (Ağrı Kars Iğdır Ardahan),2016,3460.18,4950.69,6025.86,7088.6,8186.66,9512.85,11025.24,13150.42,17770.93,33403.99
TRB1 (Malatya Elazığ Bingöl Tunceli),2016,4724.88,6367.39,8016.05,9353.83,10853.12,12716.28,14969.16,17719.84,22504.15,38440.36
TRB2 (Van Muş Bitlis Hakkari),2016,2541.82,4443.27,5382.6,6411.94,7445.99,8594.74,10127.12,12168.31,16214.45,37682.16
TRC1 (Gaziantep Adıyaman Kilis),2016,4298.94,6003.26,7210.06,8306.78,9347.62,10348.03,11564.83,13637.87,17815.88,33531.48
TRC2 (Şanlıurfa Diyarbakır),2016,2304.5,3757.95,4636.59,5454.11,6215.62,7236.56,8294.82,9711.7,13309.95,27306.81
TRC3 (Mardin Batman Şırnak Siirt),2016,2737.63,3864.13,4629.38,5430.51,6346.2,7248.03,8335.25,9903.75,12613.28,26945.19
TR Türkiye,2015,3851.06,6275.6,8010.09,9688.29,11515.14,13525.42,16010.46,19558.52,25564.58,51167.82
TR10 (İstanbul),2015,5975.45,8882.67,11103.84,12911.24,14776.47,17157.53,20221.45,24868.5,33602.67,71412.84
TR21 (Tekirdağ Edirne Kırklareli),2015,5111.24,8323.27,10120.16,11722.9,13919.03,15751.16,18191.89,20917.87,25056.33,46119.89
TR22 (Balıkesir Çanakkale),2015,3380.46,6460.53,7754.53,9381.86,10969.99,12826.56,14910.09,18433.11,23148.56,43601.58
TR31 (İzmir),2015,4770.15,7967.84,9974.54,12017.86,14008.77,16088.24,18817.56,23214.31,30427.54,59790.55
TR32 (Aydın Denizli Muğla),2015,5407.75,8007.63,9529.23,10891.97,12660.76,14359.89,16648.38,20089.52,24309.44,41094.1
TR33 (Manisa Afyon Kütahya Uşak),2015,5487.44,7196.61,8360.52,9615.06,11303.18,13034.46,15362.8,17898.3,23638.05,45727.46
TR41 (Bursa Eskişehir Bilecik),2015,5912.81,8366.39,10153.42,11713.81,13563.88,15374.82,17992.64,21146.82,26438.66,54195.14
TR42 (Kocaeli Sakarya Düzce Bolu Yalova),2015,5744.1,8663.87,10636.6,12549.4,14336.17,16024.67,17851.18,21088.32,26310.43,46974.59
TR51 (Ankara),2015,6499.03,9176.68,11240.99,13455.24,15559.32,18313.02,21415.87,26172.12,35467.83,67923.33
TR52 (Konya Karaman),2015,4721.61,7043.65,8422.7,9902.2,11564.49,13237.89,15747.7,18454.06,23875.91,47581.77
TR61 (Antalya Isparta Burdur),2015,4696.67,7257.56,9358.84,11104.65,12976.65,15232.16,18623.12,22958.35,28407.85,52089.53
TR62 (Adana Mersin),2015,3807.03,5730.81,7017.59,8335.51,9530.01,11332.71,14067.04,18079.56,24029.31,44524.3
TR63 (Hatay Kahramanmaraş Osmaniye),2015,3172.36,4861.89,5988.22,7136.62,8348.91,9668.97,11572.28,14265.2,19614.8,36054.95
TR71 (Kırıkkale Aksaray Niğde Nevşehir Kırşehir),2015,4741.76,6874.09,8177.44,9689.59,10808.56,11812.22,13776.87,16144.17,20535.46,33933.21
TR72 (Kayseri Sivas Yozgat),2015,3983.05,6409.16,8131.97,9431.77,11032.05,12698.95,14705.98,18262.47,23039.93,42381.45
TR81 (Zonguldak Karabük Bartın),2015,5260.32,8717.58,10421.78,11795.19,13091.88,14728.79,16845.9,20044.61,25850.74,43124.72
TR82 (Kastamonu Çankırı Sinop),2015,4113.96,6816.4,8776.9,10169.75,11710.19,13547.65,15474.3,17405.21,20728.37,34815.69
TR83 (Samsun Tokat Çorum Amasya),2015,4000.9,5982.26,7262.43,8512.05,10042.25,11476.27,13140.34,15985.59,20823.85,38864.44
TR90 (Trabzon Ordu Giresun Rize Artvin Gümüşhane),2015,4827.78,7107.4,8858.15,10181.78,11501.67,12996.63,15043.9,17938.23,22851.39,40447.32
TRA1 (Erzurum Erzincan Bayburt),2015,3886.07,5655.37,6896.3,8232.84,9489.45,11034.76,12640.09,14935.27,19645.73,36015.83
TRA2 (Ağrı Kars Iğdır Ardahan),2015,2608.2,3991.29,4888.15,5959.38,7175.2,8521.18,10121.9,12651.83,16616.18,32476.96
TRB1 (Malatya Elazığ Bingöl Tunceli),2015,3381.69,5555.78,6717.85,7787.56,9173.3,10899.37,12437.42,14424.4,18748.2,35849.73
TRB2 (Van Muş Bitlis Hakkari),2015,2793.02,4003.69,4503.36,5275.37,5982.6,6757.26,7982.61,10190.94,13853.53,26578.73
TRC1 (Gaziantep Adıyaman Kilis),2015,3724.02,5507.01,6670.24,7683.39,8607.18,9418.03,11213.24,13365.78,16869.49,28676.64
TRC2 (Şanlıurfa Diyarbakır),2015,1943.28,2927.49,3599.06,4527.39,5243.97,6172.31,7671.52,9524.43,12859.34,26736.91
TRC3 (Mardin Batman Şırnak Siirt),2015,2577.43,3791.11,4577.14,5315.64,6205.83,6853.21,7700.63,8772.34,11787.09,24873
TR Türkiye,2014,3484.41,5546.45,7136.93,8653.54,10251,12063.19,14292.53,17291.5,22676.98,44146.14
TR10 (İstanbul),2014,5598.83,8302.72,10157.22,11830.87,13638.8,15645.87,18223.4,21745.03,28638.89,56949.14
TR21 (Tekirdağ Edirne Kırklareli),2014,5579.11,7849.26,9517.63,10928.09,12688.63,14637.29,16241.76,18874.28,22710.77,39893.29
TR22 (Balıkesir Çanakkale),2014,3939.37,6179.25,7965,9442.25,10658.27,12150.7,14389.93,16951.02,22036,40434.59
TR31 (İzmir),2014,4280.77,6715.66,8611.81,10171.91,11995.69,14079.24,16647.8,20173.48,26871.12,49997.43
TR32 (Aydın Denizli Muğla),2014,5258.6,7122.65,8520.1,9939.13,11457.3,13185.22,15097.38,17538.41,22690.81,38476.12
TR33 (Manisa Afyon Kütahya Uşak),2014,4951.86,6796.83,7832.99,9000.46,10331.31,11836.15,13650.35,16604.77,21622.65,41577.18
TR41 (Bursa Eskişehir Bilecik),2014,5422.66,7973.68,9465.43,10629.52,12103.36,13826.52,15871.26,19102.22,24146.6,48358.3
TR42 (Kocaeli Sakarya Düzce Bolu Yalova),2014,4840.32,7161.89,8645.88,9949.19,11293.93,12931.84,15037.02,17786.47,22356.85,37097.59
TR51 (Ankara),2014,5448.32,8243.5,10129.01,11997.06,14021.65,16321.4,19482.51,24228.1,32520.96,62078.09
TR52 (Konya Karaman),2014,3821.31,5990.58,7408.86,8556.77,10078.16,11530.31,13409.27,16659.67,21576.81,42298.38
TR61 (Antalya Isparta Burdur),2014,3969.68,6630.49,8305.83,9721.65,11679.25,13639.27,15962.55,19617.24,25067.97,47933.26
TR62 (Adana Mersin),2014,3264.85,4806.64,5984.21,7149.11,8495.91,10396.61,12574.45,15069.86,20332.51,37637.57
TR63 (Hatay Kahramanmaraş Osmaniye),2014,2888.85,4303.76,5214.2,6116.42,7141.39,8410,10133.97,12524.22,16547.71,30419.74
TR71 (Kırıkkale Aksaray Niğde Nevşehir Kırşehir),2014,4097.87,5940.01,7116.04,8125.88,9185.61,10367.93,11979.34,14051.13,17665.34,33107.43
TR72 (Kayseri Sivas Yozgat),2014,3573.32,5881.04,7278.23,8632.49,10132.17,11509.74,13485.03,16796.74,22171.28,38901.12
TR81 (Zonguldak Karabük Bartın),2014,5847.13,7925.86,9393.4,10882.65,12157.15,13767.06,15319.02,18021.45,23142.14,38935.07
TR82 (Kastamonu Çankırı Sinop),2014,4010.19,6481.13,7757.63,8960.62,10136.23,11421.44,13177.59,15704.37,18718.4,32055.79
TR83 (Samsun Tokat Çorum Amasya),2014,3359.77,5275.23,6472.69,7638.92,8663.9,9808.05,11680.95,14302.49,17967.26,32817.49
TR90 (Trabzon Ordu Giresun Rize Artvin Gümüşhane),2014,4351.55,6988.86,8486.08,9963.05,11354.61,12656.85,14251.72,16236.5,20458.93,35061.86
TRA1 (Erzurum Erzincan Bayburt),2014,2864.07,4255.77,5384.56,6428.76,7763.04,9413.04,10867.08,13960.24,18530.1,37515.42
TRA2 (Ağrı Kars Iğdır Ardahan),2014,2428.6,3530.5,4451.43,5228.46,6197.98,7185.34,8236.57,9737.93,12437.61,25273.51
TRB1 (Malatya Elazığ Bingöl Tunceli),2014,2777.52,4468.17,5490.3,6523.18,7660.37,9102.88,10594.42,12819.55,16296.49,30067.93
TRB2 (Van Muş Bitlis Hakkari),2014,2171.33,3392.31,4096.91,4826.29,5500.5,6241.84,7415.98,8933.21,11602.92,24931.59
TRC1 (Gaziantep Adıyaman Kilis),2014,3345.19,4684.91,5453.65,6205.48,7068.66,8033.09,9498.76,11322.17,14203.34,25082.73
TRC2 (Şanlıurfa Diyarbakır),2014,2101.82,3004.18,3728.77,4411.24,5030.37,5698.45,6627.38,8066.17,10986.07,26245.11
TRC3 (Mardin Batman Şırnak Siirt),2014,2333.82,3379.45,3915.52,4456.11,5041.11,5997.68,6981.24,8044.49,10435.33,22089.25
