Area,Year,1. Median,2. Median,3. Median,4. Median,5. Median,6. Median,7. Median,8. Median,9. Median,10. Median
TR Türkiye,2021,9030.65,14268.57,18320,22004.86,25915.33,30351,35800,43477,56431.11,88617.93
TR10 (İstanbul),2021,13462.22,19230.77,23969.33,28262.33,33438.46,38655.71,45496.67,55711,72490.48,132026.67
TR21 (Tekirdağ Edirne Kırklareli),2021,12412.4,18913.33,23479.05,27603.03,32114.29,36045.2,41994,49135.71,60038.33,94166.67
TR22 (Balıkesir Çanakkale),2021,9658.06,16228.33,19549.03,23082.83,26632.4,31225.33,35582,42005.56,52878,82506.67
TR31 (İzmir),2021,13366.67,20000,25158.57,29693.33,34262,40630.43,48262.33,56093.6,70202.5,105392.22
TR32 (Aydın Denizli Muğla),2021,13488.33,18229.58,21580,25870.89,29423.91,34605.29,40940,48352.67,62430,88586.77
TR33 (Manisa Afyon Kütahya Uşak),2021,11814.14,16074.78,19204,22677.78,25457,29334,33342.67,38939.2,50022.22,77635.56
TR41 (Bursa Eskişehir Bilecik),2021,15759.6,20722.71,24408.57,27864.44,31748.33,36093.6,41872,48981.6,58296,85392.17
TR42 (Kocaeli Sakarya Düzce Bolu Yalova),2021,12407.41,19091.84,22624.52,25533.33,29390,33331,37668.5,45295.36,54934.67,80518
TR51 (Ankara),2021,15950,20736.4,25444.62,29208,34287.33,39417,45570,54507.78,68563,109389
TR52 (Konya Karaman),2021,8770,15351.33,18053.33,21929.33,24160.38,27513.81,31677.6,38057,47330.53,76423.5
TR61 (Antalya Isparta Burdur),2021,10200,17188.33,21303.81,25254.76,29253,33584.5,39588,45706.57,60533,89325.33
TR62 (Adana Mersin),2021,8350.71,11608.38,14622.4,17760.88,20948.13,24384.64,29457.4,36008.57,48006.11,73292.8
TR63 (Hatay Kahramanmaraş Osmaniye),2021,7351.37,11028.57,13346.8,15832.42,18768.89,21222.22,24830,29897.78,36803.89,62561.9
TR71 (Kırıkkale Aksaray Niğde Nevşehir Kırşehir),2021,9600,13956.5,16990,20453.85,23682.78,27716,32672,38596,50450.67,76779.33
TR72 (Kayseri Sivas Yozgat),2021,9130.32,14051.5,17528.85,20058.8,22655.15,26157.86,30848.5,35860,46107.6,76812
TR81 (Zonguldak Karabük Bartın),2021,12781.6,19654.29,22813.33,25229.5,28942,31680.67,34690,41121.33,50644.5,71653.33
TR82 (Kastamonu Çankırı Sinop),2021,7774.48,15764,19238.97,22890.48,27081.33,31601.33,36697.14,42646,53170.11,73083.85
TR83 (Samsun Tokat Çorum Amasya),2021,9323.55,13941.67,18610.24,21616,24558.97,28374,32864.84,38831,49496.43,78216.96
TR90 (Trabzon Ordu Giresun Rize Artvin Gümüşhane),2021,12420.97,17760.8,21986.67,25310.28,28326,31669.64,35851.9,42095.33,51074.67,79786.67
TRA1 (Erzurum Erzincan Bayburt),2021,9539.44,12764.29,15513.1,18592.86,21568.8,24492.17,28379.6,33936,42152,72381.67
TRA2 (Ağrı Kars Iğdır Ardahan),2021,5295.26,7945.29,10323.91,12372.22,14343.82,16828,19991.79,24235,32380.95,59338.28
TRB1 (Malatya Elazığ Bingöl Tunceli),2021,11526.9,14095.24,16588.33,18565,20888.57,23325,28253,32292.43,39927,60751.2
TRB2 (Van Muş Bitlis Hakkari),2021,6023.87,8055.24,9575.56,11404.67,13576.67,15555.12,17896.13,21098,27496.07,41257
TRC1 (Gaziantep Adıyaman Kilis),2021,9608.33,13333.33,15438.18,17260,20000,22203.03,26642.5,30800,40635.56,61747.62
TRC2 (Şanlıurfa Diyarbakır),2021,6011.88,8209.7,9802.5,11241.5,12716.67,15365.42,17889.41,22135.15,28670,48459.5
TRC3 (Mardin Batman Şırnak Siirt),2021,5453.75,7553.45,9784.4,11623.45,13356.33,14988.15,17942.22,21458,26546,50700
TR Türkiye,2020,7970.42,12406.79,16020.67,19286.48,22903.04,26917.17,31880.95,38410.29,49697.92,79920.34
TR10 (İstanbul),2020,12742.79,17792.34,21925.14,26230,29802.99,35120.52,40947.85,50225.21,65809.38,145520.69
TR21 (Tekirdağ Edirne Kırklareli),2020,10760.51,16608.69,20156.2,23690.48,28241.65,31525.5,34972.3,40486.94,51046.71,78211.95
TR22 (Balıkesir Çanakkale),2020,5909.09,11485.3,15825.5,18637.11,21491.46,26000,30404.29,37416.64,48777.68,72119.64
TR31 (İzmir),2020,12239.62,17240,21052.38,26144.58,29729.24,34077.33,39790.62,47913.52,61988.79,90361.97
TR32 (Aydın Denizli Muğla),2020,10286.91,15153.68,18508.85,21908.02,24934.78,28487.14,35154.4,41800.12,52376.61,94550.84
TR33 (Manisa Afyon Kütahya Uşak),2020,9234.78,13408.7,16374.43,19415.55,21827.78,25448.2,29819.56,34948.47,44955.5,73855.62
TR41 (Bursa Eskişehir Bilecik),2020,13125.24,18462.5,21570.91,24862.57,27771.97,31733.58,36443.35,41200,50990.41,72703.74
TR42 (Kocaeli Sakarya Düzce Bolu Yalova),2020,11785.77,16790.33,19908.45,22632.75,26189.11,29351.37,33365.31,38515.33,46590.75,66787.37
TR51 (Ankara),2020,12523.81,17486.86,21195.15,24981.74,29327.39,33732.57,38894.97,47053.55,60722.79,96748.89
TR52 (Konya Karaman),2020,8157.95,12541.62,15779.94,18884.07,22250.45,25117.47,28589.93,35081.41,45635.92,69349.09
TR61 (Antalya Isparta Burdur),2020,8364.54,13804.88,18706.4,22322.99,25457.24,29890.59,34394.3,40783.85,54267.14,85486.03
TR62 (Adana Mersin),2020,7679.89,12088.74,14730.97,17521.85,20843.8,24243.34,29115.52,35658.42,47069.71,74000.48
TR63 (Hatay Kahramanmaraş Osmaniye),2020,6856.19,10998.52,12794.39,14761,17207.56,19113.23,22480.6,26724.83,33984.91,54424.47
TR71 (Kırıkkale Aksaray Niğde Nevşehir Kırşehir),2020,8475.46,12334.19,14832.85,18123.33,20660.56,24869.89,28254.85,34863,46172.16,66500
TR72 (Kayseri Sivas Yozgat),2020,8658.5,12406.79,15365.45,18491.63,20802.1,23690.48,27247.36,32159.52,39752.12,59938.31
TR81 (Zonguldak Karabük Bartın),2020,11938.95,16689.61,20077.24,22614.05,25668.11,28910.72,32323.78,38828.45,45305.26,60001.81
TR82 (Kastamonu Çankırı Sinop),2020,6030.8,12756.06,15683.33,19966.73,23211.34,27047.62,30939.27,35526.72,44737.44,64317.27
TR83 (Samsun Tokat Çorum Amasya),2020,7941.27,11608.3,14455.18,17797.62,20481.69,23073.27,26973.88,32146.45,41197.07,65197.78
TR90 (Trabzon Ordu Giresun Rize Artvin Gümüşhane),2020,8860.47,13877.33,18009.02,20857.47,24129.99,27073.37,30642.38,36323.82,45444.35,69493.53
TRA1 (Erzurum Erzincan Bayburt),2020,7185.48,10752.61,13505.83,15471.56,18213.74,21398.11,24727.27,29159.62,35793.86,55425.46
TRA2 (Ağrı Kars Iğdır Ardahan),2020,4688.68,7491.77,8980.97,11145.13,13018.16,15094.58,18068.97,21419.05,28776.84,49403.81
TRB1 (Malatya Elazığ Bingöl Tunceli),2020,8978.39,11669.55,14232.62,16567.06,18749.02,20791.44,24521.94,29636.86,37016.83,52477.2
TRB2 (Van Muş Bitlis Hakkari),2020,4272.54,6430.59,7980.62,9437.18,10899.03,12838.05,15149.33,18354.17,22484.05,38257.01
TRC1 (Gaziantep Adıyaman Kilis),2020,7611.11,10938.4,12843.75,14906.49,16878.06,19100.54,22505.73,26456.19,34081.52,52033.33
TRC2 (Şanlıurfa Diyarbakır),2020,5095.83,7641.15,8607.1,10185.34,11397.44,12999.06,15422.38,19249.38,26483.76,43921.91
TRC3 (Mardin Batman Şırnak Siirt),2020,5046.9,6841.32,8730.97,10000.5,11589.3,13369.65,15258.95,18260.74,24105.13,46391.11
TR Türkiye,2019,7141.94,10981.84,14112.65,17032.56,20017.87,23416.67,27501.13,33285.73,42527.36,66979.83
TR10 (İstanbul),2019,11273.33,15678.67,19297.38,22520.3,26012.65,30350.57,35795.7,43132.84,56184.57,101859.48
TR21 (Tekirdağ Edirne Kırklareli),2019,9433.33,13995.4,17531.38,21561.11,24471.98,27591.6,31814.87,37986.26,46998,68892.56
TR22 (Balıkesir Çanakkale),2019,6271.02,11462.46,14642.31,16690.14,19360.24,22232.48,26123.02,30201.33,38366.62,59182.65
TR31 (İzmir),2019,11056.91,15117.55,18130.84,21612.71,25773.85,29685.42,36292.81,42789.67,52397,78501.14
TR32 (Aydın Denizli Muğla),2019,9070.59,13283.33,16907.68,19700.4,22505.67,25671.01,29174.53,34145.43,41925.07,61182.92
TR33 (Manisa Afyon Kütahya Uşak),2019,8498.57,12347.86,15183.16,17650.94,19428.57,21524.24,24928.06,29983.2,37127.49,58576.67
TR41 (Bursa Eskişehir Bilecik),2019,11425.5,15992.13,18926.36,20972.23,24201.79,27582.76,31231.76,36345.74,44040,61014.76
TR42 (Kocaeli Sakarya Düzce Bolu Yalova),2019,10342.41,14218.73,16612.89,19914.05,22567.99,25584.83,28365.15,32577.89,39918.23,56066.56
TR51 (Ankara),2019,11484.64,15934.77,18961.8,22557.06,26120.39,29791.51,34733.27,42274.93,53394.47,80775.2
TR52 (Konya Karaman),2019,7826.25,11573.13,14233.33,16141.82,18566.17,21499.57,24568.49,28693.9,36934.62,58267.08
TR61 (Antalya Isparta Burdur),2019,7483.8,12709.68,15638.1,18557.98,21425.41,25191.3,29585.9,35831.7,44209.59,64920.2
TR62 (Adana Mersin),2019,7745.34,10447.83,13209.27,15674.84,18866.03,22040.43,26611.87,31754.61,39773.66,60864.44
TR63 (Hatay Kahramanmaraş Osmaniye),2019,5428.33,8614.73,10728.57,12395.41,14603.76,16488.54,19130.43,23260.39,29538.29,51199.01
TR71 (Kırıkkale Aksaray Niğde Nevşehir Kırşehir),2019,8124.77,11681.63,13580.18,16707.88,19270.62,21762.56,25359.29,29571.16,38163.8,54338.91
TR72 (Kayseri Sivas Yozgat),2019,8618.9,11331,13763.71,16623.98,18828.48,20986.19,24731.29,28881.87,36032.8,58470.93
TR81 (Zonguldak Karabük Bartın),2019,10973.43,14444.31,17445.7,20221.99,22582.07,25157.24,28933.57,32527.35,37943.69,52664.16
TR82 (Kastamonu Çankırı Sinop),2019,5668.96,10689.47,14539.49,17653.2,20330.25,23186.71,26435.88,30212.32,38941.64,52617.17
TR83 (Samsun Tokat Çorum Amasya),2019,7352.21,11195.29,13528.26,16174.72,18707.48,21336.48,24623.53,28848.71,36531.13,54299.23
TR90 (Trabzon Ordu Giresun Rize Artvin Gümüşhane),2019,8054.41,12435.57,15488.64,18043.26,20324.48,22881.22,25865.75,30474.85,40464.3,61707.48
TRA1 (Erzurum Erzincan Bayburt),2019,6920.13,10000.18,12310.83,14564.52,17349.66,19499.92,22377.03,25855.51,31847.52,47433.59
TRA2 (Ağrı Kars Iğdır Ardahan),2019,4693.73,7453.92,8861.08,10550.95,12083.58,14212.08,16858.11,20125.68,26142.61,38178.52
TRB1 (Malatya Elazığ Bingöl Tunceli),2019,8941.29,10456.75,12346.08,14455.86,16370.88,18852.01,22252.13,26011.67,31814.97,45848.67
TRB2 (Van Muş Bitlis Hakkari),2019,4943.98,6571.57,7859.57,9012.59,10476.01,11997.25,14448.94,16509.55,20338.73,36381.9
TRC1 (Gaziantep Adıyaman Kilis),2019,7369.57,9679.86,11238.1,12580,13916.67,15950.53,18880.51,22911.56,28343.79,47663.41
TRC2 (Şanlıurfa Diyarbakır),2019,4305.09,5837.14,7028.38,8165.21,9569.83,11168.28,13299.52,16166.98,20776.94,39743.81
TRC3 (Mardin Batman Şırnak Siirt),2019,3857.84,6093.17,7400.26,8324.1,9515,11278.16,13003.32,15474.64,19492.77,30093.02
TR Türkiye,2018,6086.06,9157.59,11575.5,13958.15,16459.53,19332.15,22861.44,27535.99,35816.67,58061.7
TR10 (İstanbul),2018,8809.2,12699.14,15465.06,18581.23,21901.93,25484.71,30152.6,37305.21,49174.24,93290.78
TR21 (Tekirdağ Edirne Kırklareli),2018,8351.16,11814.03,14698.75,17765.97,20930.78,23487.28,27672.31,33831.94,43150.67,75655.75
TR22 (Balıkesir Çanakkale),2018,5745.81,9389.06,11893.39,13535.65,15918.98,18511.73,21825.18,25372.66,32526.71,50612.47
TR31 (İzmir),2018,9207.19,12671.57,15559.11,18518.57,21570.72,24583.18,29412.16,35164.62,45536,67828.01
TR32 (Aydın Denizli Muğla),2018,8166.67,10654.92,13072.22,15401.06,17549.62,20000,23202,27191.78,33702.01,48866.08
TR33 (Manisa Afyon Kütahya Uşak),2018,7842.86,10437.5,12294.83,14486.15,16298.01,18559.81,21038.52,24867.04,30301.47,45545.19
TR41 (Bursa Eskişehir Bilecik),2018,9002.68,12099.18,14873.8,17041.58,20000,23276.86,26341.44,29548.41,37447.72,51863.31
TR42 (Kocaeli Sakarya Düzce Bolu Yalova),2018,8375,11705.96,14512.21,16949.41,19148.42,21392.98,24359.41,28607.86,34348.19,55287.62
TR51 (Ankara),2018,8692.4,12955.49,15689.43,18219.18,20784.96,23766.25,27797.17,33371.47,43515.83,70488.54
TR52 (Konya Karaman),2018,5787.61,9405.71,11757.51,13814,15712.24,18025.2,20733.33,25236.09,32048.17,51028.71
TR61 (Antalya Isparta Burdur),2018,7973.72,10412.4,13265.56,15383.24,18044.03,20891.41,24730.94,28844.74,36699.71,57600.77
TR62 (Adana Mersin),2018,6600,9250,11279.41,13205.27,15584.4,18099.92,21904.77,26847.31,35016.93,58246.36
TR63 (Hatay Kahramanmaraş Osmaniye),2018,5440.3,7889.72,9246.15,11038.33,12733.79,14539.91,16432.3,21110.73,26294.71,47187.71
TR71 (Kırıkkale Aksaray Niğde Nevşehir Kırşehir),2018,6428.57,9091.76,10896.96,13001.12,15527.03,17087.94,19963.79,24003.55,31065.63,45003.38
TR72 (Kayseri Sivas Yozgat),2018,6315.93,9357.14,11321.3,13654.38,15434.24,17913.2,20048.28,22589.65,27727.22,42870.36
TR81 (Zonguldak Karabük Bartın),2018,8422.25,11591.23,13916.92,15618.15,17525.32,19219.11,22619.05,25645.21,32899.72,48125
TR82 (Kastamonu Çankırı Sinop),2018,6415.42,9429.2,12100,14074.82,16268.24,18666.51,21706.06,25938.45,33170.52,47819.41
TR83 (Samsun Tokat Çorum Amasya),2018,6296.65,9313.55,11573.79,13680.03,15521.61,17713.65,20351.18,24261.24,30250.48,48646.74
TR90 (Trabzon Ordu Giresun Rize Artvin Gümüşhane),2018,6517.36,10447.83,12482.66,13657.78,15533.33,17685.71,20510,24307.81,31226.95,48490.42
TRA1 (Erzurum Erzincan Bayburt),2018,6630.43,9408.96,11087.83,12855.32,15151.07,16665.77,19324.51,22302.15,26838.34,42913.11
TRA2 (Ağrı Kars Iğdır Ardahan),2018,4200,6307.21,7548.94,8656.07,10112.87,11860.94,13824.72,16759.16,21569.51,35668.07
TRB1 (Malatya Elazığ Bingöl Tunceli),2018,7188.15,9468.55,11391.46,12504.44,14341.06,16340.22,18803.06,22121.58,28585.33,40693.33
TRB2 (Van Muş Bitlis Hakkari),2018,3408.77,5017.08,6116.04,7154.93,8417.96,9579.55,10702.6,13132.27,16595.11,25400.22
TRC1 (Gaziantep Adıyaman Kilis),2018,6482.76,8000,9155.17,10581.42,12001.26,13578.07,16275.53,19116.68,23492.05,38577.29
TRC2 (Şanlıurfa Diyarbakır),2018,3652.37,4789.28,5710.68,6778.72,7859.47,9191.15,11018.73,12457.56,17049.06,27980.18
TRC3 (Mardin Batman Şırnak Siirt),2018,3608.33,5165.83,6177.03,6945.35,8014.43,9072.37,10363.59,12496.6,16692.17,26336.4
TR Türkiye,2017,5625,8335.98,10522.63,12572.64,14684.43,17224.45,20252.01,24557.32,31800,51493.71
TR10 (İstanbul),2017,8819,11382.03,13799.18,16221.43,18862.05,22283.32,26400,32191.05,42978.21,86988.04
TR21 (Tekirdağ Edirne Kırklareli),2017,7833.33,11400.89,14056.01,16656.02,19353.82,21701.67,25477.01,30321.1,37786.62,60479.2
TR22 (Balıkesir Çanakkale),2017,5566.67,8523.57,10673.75,12916.43,14566.99,16809.65,19586.57,22283.36,28297.65,43200
TR31 (İzmir),2017,6807.63,11036.46,13062.24,15561.11,18229.57,21572.21,24982.94,30628.67,40782.35,63892.31
TR32 (Aydın Denizli Muğla),2017,7120.83,10267.8,12000,13800,15635.12,17576.87,20175.41,24375,29700.36,43554.25
TR33 (Manisa Afyon Kütahya Uşak),2017,7226.35,9438.52,11152.04,12732.82,14003.02,15800,18180.95,21391.85,27590.8,41558.03
TR41 (Bursa Eskişehir Bilecik),2017,8071.19,10960,13863.58,15773.55,17740.56,20516.08,23308.31,26796.35,32059.28,47721.56
TR42 (Kocaeli Sakarya Düzce Bolu Yalova),2017,8654.09,11428.57,13777.78,15466.51,17565.39,19535.16,22161.09,25682.5,32793.26,50720.4
TR51 (Ankara),2017,8146.4,11502.23,13750,16553.26,18636.62,21689.82,25672.38,31967,40103.57,60726.73
TR52 (Konya Karaman),2017,6019.27,8373.64,10478,11993.53,13976.7,16326.55,19186.34,23122.2,27618.82,42361.02
TR61 (Antalya Isparta Burdur),2017,6800,9594.79,11839.44,13950,16300.4,18854.59,22355.01,26404.01,32398.25,48045.8
TR62 (Adana Mersin),2017,5440.5,8271.03,10000,11973.98,13810.61,16340.71,19891.77,24400.02,32764.28,49900.16
TR63 (Hatay Kahramanmaraş Osmaniye),2017,4337.5,6482.21,8057.16,9683.65,11001.58,13044,15181.16,18302.45,23822.27,39710.59
TR71 (Kırıkkale Aksaray Niğde Nevşehir Kırşehir),2017,6172.1,8970.83,10301.02,11991.26,14010.22,16459.5,18518.46,21803.36,26278.23,39807.24
TR72 (Kayseri Sivas Yozgat),2017,6220.99,8635.7,10249.51,11503.61,13082.05,15260.54,17644.24,20453.08,24952.38,40949.36
TR81 (Zonguldak Karabük Bartın),2017,8307.45,11104.15,12867.22,15082.46,16828.62,18547.92,20711.77,24199.36,30418.44,48037.38
TR82 (Kastamonu Çankırı Sinop),2017,6246.62,9880,11734.02,13580.34,15410.24,16862.51,19095.58,21976.19,29347.9,44078.08
TR83 (Samsun Tokat Çorum Amasya),2017,5940.3,8341.61,10246.02,12315.78,13866.77,16173.75,18806.38,22172.21,26900,44549.81
TR90 (Trabzon Ordu Giresun Rize Artvin Gümüşhane),2017,6579.33,9356.24,10935.93,12528.51,14045.73,16096.5,18434.04,21401.49,27592.17,41158.97
TRA1 (Erzurum Erzincan Bayburt),2017,5894.15,8604.92,10122.23,11574.83,13298,15044.14,17333.33,19456.56,23489.42,33629.61
TRA2 (Ağrı Kars Iğdır Ardahan),2017,4294.3,6274.73,7371.06,8666.67,9927.27,11625.64,13526.4,16230.77,19328.69,33866.67
TRB1 (Malatya Elazığ Bingöl Tunceli),2017,5862.78,7748.64,9312.86,10828.43,12617.88,14363.58,16364.79,20620.77,25529.93,38676.25
TRB2 (Van Muş Bitlis Hakkari),2017,3320.94,4979.36,6015.8,7123.89,7834.8,8674.99,9928.95,11587.78,14830.96,24714.29
TRC1 (Gaziantep Adıyaman Kilis),2017,5483.47,7191.37,8236.27,9418.77,10469.68,11957.52,13375.18,16075.83,20412.11,30826.09
TRC2 (Şanlıurfa Diyarbakır),2017,3034.04,4381.21,5479.13,6227.76,6883.7,7787.34,9475.1,11782.66,14870.83,24290.49
TRC3 (Mardin Batman Şırnak Siirt),2017,3344.35,4873.28,5736.1,6503.33,7309.24,8266.96,9577.03,11436.47,14078.05,22009.16
TR Türkiye,2016,4747.54,7267.23,9238.97,11091.98,13154.93,15425.71,18163.2,22083.99,28405.56,47869.21
TR10 (İstanbul),2016,7442.31,10190.48,12135.52,14566.67,17095.16,19705.14,22933.33,28068.93,38973.33,72016.52
TR21 (Tekirdağ Edirne Kırklareli),2016,6738.89,9561.9,11992.28,14303.57,17642.17,19736.49,22911.5,27527.95,33183.97,52598.5
TR22 (Balıkesir Çanakkale),2016,5131.81,7730.37,9555.56,11531.38,13076.05,14402.88,17188,20101.43,25925.5,41479.95
TR31 (İzmir),2016,6190.48,9821.56,12268.61,14495.78,16879.89,19384.2,22193.77,26035.57,35446.75,58795.15
TR32 (Aydın Denizli Muğla),2016,6504.65,8989.44,10752.38,12754.54,14086.16,16328.31,18654.38,22328.64,28263,43044.86
TR33 (Manisa Afyon Kütahya Uşak),2016,6230.33,8232.67,9780.75,11298.98,12831.24,14500.44,16575.33,19473.86,24333.33,38587.38
TR41 (Bursa Eskişehir Bilecik),2016,6802.1,10000,11854.79,13820.84,15640.66,17970,20652.06,24244.64,29676.95,46134.29
TR42 (Kocaeli Sakarya Düzce Bolu Yalova),2016,6873.01,9753.41,12084.62,13732.12,15094.43,16890.91,19129.42,22214.78,27748.89,43106.3
TR51 (Ankara),2016,7800.3,10522.5,12971.43,15458.33,17948.58,20811.98,24534.09,29173.18,41093.78,72413.81
TR52 (Konya Karaman),2016,5691.09,8261.9,9801.06,11054.02,12707.94,14918.08,17142.86,20959.65,26622.06,39723.24
TR61 (Antalya Isparta Burdur),2016,4895.24,7853.93,10176.37,12275.46,14408.23,16554.71,19430,23179.22,29601.09,47243.8
TR62 (Adana Mersin),2016,4450.23,6347.74,8272.16,9982.21,11811.48,14536.14,17563.97,21375.63,27198.81,45108.78
TR63 (Hatay Kahramanmaraş Osmaniye),2016,4314.28,5953.32,7033.83,8200.62,9770.36,11245.77,13494.78,16033.07,21076.44,35124.18
TR71 (Kırıkkale Aksaray Niğde Nevşehir Kırşehir),2016,4846.17,6997.23,8964.68,10359.52,11930.23,13381.83,15857.95,18080,22962.4,36871.8
TR72 (Kayseri Sivas Yozgat),2016,4920,7231.95,8812.5,10645.97,12180.21,14111.43,16535.41,18963.68,23824.95,38756.78
TR81 (Zonguldak Karabük Bartın),2016,7425,9816.9,11315.44,12914.3,14473.24,16249.37,18835.6,22502.78,28142.56,42955.78
TR82 (Kastamonu Çankırı Sinop),2016,4646.04,7481.61,10024.23,11573.83,12713.41,14652.81,16596.13,19160.56,22715.82,36319.7
TR83 (Samsun Tokat Çorum Amasya),2016,5218.53,7338.89,9030.01,10636.02,11670.75,13467.29,15498.65,18645.84,23497.83,36867.62
TR90 (Trabzon Ordu Giresun Rize Artvin Gümüşhane),2016,5765.03,8459.84,9761.03,11140.1,12860.87,14840.38,16980.51,19904.76,25068,42320.05
TRA1 (Erzurum Erzincan Bayburt),2016,5225.85,7618.72,9577.15,11211.39,12326.68,14703.01,16444.55,18451.19,24527.78,36923.09
TRA2 (Ağrı Kars Iğdır Ardahan),2016,3733.22,4892.77,6125.51,7093.5,8079.77,9439.33,10973.62,13320.9,17509.61,27200.13
TRB1 (Malatya Elazığ Bingöl Tunceli),2016,5049.53,6205.95,7955.89,9300.47,10851.85,12694.16,15013.03,17642.26,21988.89,32970.97
TRB2 (Van Muş Bitlis Hakkari),2016,3090.5,4431.82,5402.06,6368.32,7398.31,8475.5,10121.13,12317.85,16031.18,28439.63
TRC1 (Gaziantep Adıyaman Kilis),2016,4280.6,5985.86,7233.65,8393.55,9341.78,10338.57,11471.72,13497.27,17645.64,28040.99
TRC2 (Şanlıurfa Diyarbakır),2016,2420.62,3763.63,4591.49,5484.42,6225.45,7252.47,8255.59,9585.8,13000,22342.85
TRC3 (Mardin Batman Şırnak Siirt),2016,2862.14,3843.55,4625.9,5465.15,6338.36,7294.79,8254.83,9987.98,12214.05,22281.69
TR Türkiye,2015,4072.64,6308.6,8020.48,9687.78,11518.86,13500,15995.25,19465.67,25238.1,41840.21
TR10 (İstanbul),2015,6377.16,8837.96,11058.33,12870,14680.21,17127.58,20081.67,24675.43,33422.29,58967.69
TR21 (Tekirdağ Edirne Kırklareli),2015,5141.42,8350.86,10151.72,11624.41,14021.91,15819.04,18351.8,20890.9,25058,38997.81
TR22 (Balıkesir Çanakkale),2015,3613.96,6477.78,7833.98,9494.26,10984.74,12927.6,14752.74,18382.35,22644.58,37147.46
TR31 (İzmir),2015,4975.01,7958.05,10023.89,12020,14044.84,16094.44,18598.75,23110.52,29907.45,50381.25
TR32 (Aydın Denizli Muğla),2015,6014.86,7973.55,9505.63,10782.42,12623.65,14315.99,16569.36,19992.38,24151.77,37007.33
TR33 (Manisa Afyon Kütahya Uşak),2015,5742.33,7184.92,8322.75,9619.89,11320.15,13066.23,15338.84,17716.73,23003.32,39651.29
TR41 (Bursa Eskişehir Bilecik),2015,6225.48,8370.83,10165.71,11682.98,13546.67,15354.1,17877.95,21142.23,26112.96,43181.95
TR42 (Kocaeli Sakarya Düzce Bolu Yalova),2015,5827.51,8748.62,10709.95,12493.43,14273.33,16047.83,17742.93,21149.97,26172.88,38870.43
TR51 (Ankara),2015,6982.42,9184.2,11283.78,13340,15500,18380.15,21608.2,25826,35316.57,58922.73
TR52 (Konya Karaman),2015,4857.14,7026.14,8357.89,9885.72,11594.02,13225.62,15809.55,18303.1,23150.29,37874.6
TR61 (Antalya Isparta Burdur),2015,5023.35,7236.67,9469.64,10987.29,13012.33,15174.96,18414.63,22646.94,28327.27,45248.83
TR62 (Adana Mersin),2015,4117.9,5639.11,6991.43,8336.22,9590.6,11216.9,14156.02,18103.02,22830,40294.3
TR63 (Hatay Kahramanmaraş Osmaniye),2015,3336.64,4910.21,5997.63,7086.39,8357,9647,11477.08,14051.72,19344.62,32856.33
TR71 (Kırıkkale Aksaray Niğde Nevşehir Kırşehir),2015,4821.21,6918.1,8122.22,9729.03,10875.69,11747.28,13883.44,16035,20581.65,30554.76
TR72 (Kayseri Sivas Yozgat),2015,4147.8,6255.13,8183.14,9415.98,11021.94,12763.38,14532.82,18146.77,22474.28,36240.48
TR81 (Zonguldak Karabük Bartın),2015,5702,8755.43,10533.1,11849.62,13035,14649.64,16900.46,20247.29,25526.67,38196.81
TR82 (Kastamonu Çankırı Sinop),2015,4142.86,6939.39,8671.09,10112.86,11686.01,13670.49,15484.83,17198.09,20591.67,29766.66
TR83 (Samsun Tokat Çorum Amasya),2015,4285.71,5994.62,7287.1,8485.26,9912.09,11436.85,13145.06,16037.74,20531.6,35206.97
TR90 (Trabzon Ordu Giresun Rize Artvin Gümüşhane),2015,5427.21,7095.55,8997.18,10204.06,11548.73,12962.35,14937.86,17889.23,22146.05,37700
TRA1 (Erzurum Erzincan Bayburt),2015,3933.33,5664.22,6959.74,8250,9466.41,10995.28,12726.79,14823.66,19543.84,31442.25
TRA2 (Ağrı Kars Iğdır Ardahan),2015,2675,3952.09,4913.93,5970.25,7225.04,8374.25,10071.96,12593.61,16399.66,27888.89
TRB1 (Malatya Elazığ Bingöl Tunceli),2015,3763.28,5607.9,6740.13,7780.42,9036.82,11054.96,12355.56,14333.77,18361.85,31590.98
TRB2 (Van Muş Bitlis Hakkari),2015,3034.49,4015,4508.82,5304.78,5991.96,6756.39,7878.17,10054.73,13843.72,21702.22
TRC1 (Gaziantep Adıyaman Kilis),2015,4033.21,5573.71,6660.01,7651.79,8556.09,9355.38,11135.23,13312.13,16500,24445.25
TRC2 (Şanlıurfa Diyarbakır),2015,2164.26,2996.2,3594.85,4578.13,5238.1,6204.88,7670.51,9280.14,12678.01,21494.89
TRC3 (Mardin Batman Şırnak Siirt),2015,2654.01,3795.98,4573.73,5293.52,6208.9,6819.35,7560.59,8696.24,11656.52,21219.14
TR Türkiye,2014,3619.09,5556.89,7131.71,8635.67,10237.93,12065.38,14280,17211.44,22357.46,36553.2
TR10 (İstanbul),2014,6029.2,8361.9,10115.26,11800,13664,15673.19,18180.73,21825.24,28408.28,47982.36
TR21 (Tekirdağ Edirne Kırklareli),2014,5872.65,7948.44,9533.33,10919.76,12670.3,14802.84,16249.01,18926.99,22628.1,33967.45
TR22 (Balıkesir Çanakkale),2014,4019.51,6139.68,8040,9484.51,10578.09,12057.62,14304.83,16989.99,21741.6,37146.93
TR31 (İzmir),2014,4437.16,6747.73,8578.65,10100,11985.43,14037.8,16618.97,20009.5,26836.11,43930.36
TR32 (Aydın Denizli Muğla),2014,5382.8,7173.44,8529.78,9945.06,11478.86,13109.13,15176.49,17449.62,22380.3,32836.47
TR33 (Manisa Afyon Kütahya Uşak),2014,5102.21,6791.8,7797.09,9000.24,10241.02,11761.9,13628.59,16612.41,21266.67,35825.36
TR41 (Bursa Eskişehir Bilecik),2014,5714.29,7952.38,9459.08,10629.46,12072.25,13855.08,15698.86,18844.63,23760.25,41478.73
TR42 (Kocaeli Sakarya Düzce Bolu Yalova),2014,4985.34,7050.97,8587.38,9923.3,11253.33,13000.2,15183.06,17747.83,21982.83,33100.48
TR51 (Ankara),2014,5637.69,8386.58,10160.71,12022.19,14106.63,16303.6,19453.42,23809.39,32130,50724.55
TR52 (Konya Karaman),2014,4057.14,6125.83,7358.81,8543.18,10173.71,11455.42,13299.64,16500,21726.67,34140.28
TR61 (Antalya Isparta Burdur),2014,4200,6629.6,8272.73,9666.49,11617.09,13639.41,16032.32,19267.44,24450.68,39745.88
TR62 (Adana Mersin),2014,3374.98,4785.75,5961.54,7166.83,8528.79,10460.34,12589.71,14945.55,19912.44,34252.38
TR63 (Hatay Kahramanmaraş Osmaniye),2014,3136.59,4256.57,5208.33,6118.7,7155.7,8407.69,10159.54,12408.06,16272.32,26142.3
TR71 (Kırıkkale Aksaray Niğde Nevşehir Kırşehir),2014,4250,6005.19,7113.04,8116.33,9080.65,10314.93,11952.86,14044.67,17156.2,28585.79
TR72 (Kayseri Sivas Yozgat),2014,3827.8,5876.58,7277.09,8630.13,10132.38,11475.78,13443.21,16783.53,21810.16,31066.15
TR81 (Zonguldak Karabük Bartın),2014,6273.77,7998.88,9505.27,10978.79,12014.36,13759.29,15439.45,17772.95,23296.94,34455
TR82 (Kastamonu Çankırı Sinop),2014,4206.97,6545.14,7893.55,9037.89,10225.72,11440.62,13023.81,15834.18,18332.95,28073.18
TR83 (Samsun Tokat Çorum Amasya),2014,3576,5254.17,6482.15,7699.65,8703.14,9878.94,11633.61,14261.63,17315.61,28323.25
TR90 (Trabzon Ordu Giresun Rize Artvin Gümüşhane),2014,4507.2,7131.59,8552.38,10040,11389.28,12612,14315,16216.47,20261.9,32196.19
TRA1 (Erzurum Erzincan Bayburt),2014,2902.92,4251.68,5349.52,6382.23,7618.88,9457.29,10842.89,13977.79,18311.92,28966.64
TRA2 (Ağrı Kars Iğdır Ardahan),2014,2540.36,3549.44,4449.02,5199.85,6128.66,7164.92,8253.03,9708.66,12215.71,21647.11
TRB1 (Malatya Elazığ Bingöl Tunceli),2014,2922.63,4511.68,5520,6536.78,7662.13,9187.14,10638.82,12667.16,16089.16,25119.06
TRB2 (Van Muş Bitlis Hakkari),2014,2134.6,3413.16,4106.76,4801.49,5462.53,6183.03,7513.74,8966.28,11331.13,18968.36
TRC1 (Gaziantep Adıyaman Kilis),2014,3448.82,4746.95,5416.58,6258.33,7045.91,7965.38,9436.74,11289.48,14208.48,22295.65
TRC2 (Şanlıurfa Diyarbakır),2014,2166.67,3000,3661.89,4446.26,5083.16,5639.64,6598.97,8085.3,10798.46,17558.18
TRC3 (Mardin Batman Şırnak Siirt),2014,2504.16,3424.89,3894.14,4449.06,5050.74,6028.37,6933.49,7927.61,10347.11,17616.36
